id,text,cleaned,sentiment
1,ugh... delivery took foreverrr ğŸ˜¤ğŸ˜¤ frfr,"['ugh', 'delivery', 'took', 'foreverrr', 'face_with_steam_from_nose::face_with_steam_from_nose', 'frfr']",negative
2,haha they actually fixed it fast ğŸ‘ğŸ‘ frfr,"['haha', 'actually', 'fixed', 'fast', 'clapping_hands::clapping_hands', 'frfr']",positive
3,horrible! never ordering again ğŸ¤¦â€â™‚ï¸,"['horrible', 'ordering', 'man_facepalming']",negative
4,ugh... delivery took foreverrr ğŸ˜¤ğŸ˜¤ ğŸ’€,"['ugh', 'delivery', 'took', 'foreverrr', 'face_with_steam_from_nose::face_with_steam_from_nose', 'skull']",negative
5,Product okish... not bad tbh. #fail,"['product', 'okish', 'bad', 'tbh']",negative
6,quality was fine ig ğŸ¤·â€â™‚ï¸ ...,"['quality', 'fine', 'ig', 'man_shrugging']",negative
7,idk man... the site keeps lagging :(,"['idk', 'man', 'site', 'keeps', 'lagging']",negative
8,OMG ğŸ˜ğŸ˜ this app is sooo cool!!! #awesome frfr,"['omg', 'smiling_face_with_heart', 'eyes::smiling_face_with_heart', 'eyes', 'app', 'sooo', 'cool', ' ', 'frfr']",positive
9,why the payment keeps failing ğŸ˜¡ @company pls fix!! @brand,"['payment', 'keeps', 'failing', 'enraged_face', ' ', 'pls', 'fix']",negative
10,customer srvc was great ğŸ‘ğŸ‘!!!,"['customer', 'srvc', 'great', 'thumbs_up::thumbs_up']",positive
11,order canceled without reason?? ğŸ˜‚ğŸ˜‚,"['order', 'canceled', 'reason', 'face_with_tears_of_joy::face_with_tears_of_joy']",negative
12,LOVED the new update!!! ğŸ’¯ğŸ’¯ğŸ”¥ @brand,"['loved', 'new', 'update', 'hundred_points::hundred_points::fire']",positive
13,meh... okay experience overall. pls fix,"['meh', 'okay', 'experience', 'overall', 'pls', 'fix']",negative
14,haha they actually fixed it fast ğŸ‘ğŸ‘ ğŸ˜‚ğŸ˜‚,"['haha', 'actually', 'fixed', 'fast', 'clapping_hands::clapping_hands', 'face_with_tears_of_joy::face_with_tears_of_joy']",positive
15,customer srvc was great ğŸ‘ğŸ‘ smh,"['customer', 'srvc', 'great', 'thumbs_up::thumbs_up', 'smh']",positive
16,LOVED the new update!!! ğŸ’¯ğŸ’¯ğŸ”¥ omg,"['loved', 'new', 'update', 'hundred_points::hundred_points::fire', 'omg']",positive
17,customer srvc was great ğŸ‘ğŸ‘ lol,"['customer', 'srvc', 'great', 'thumbs_up::thumbs_up', 'lol']",positive
18,haha got refund today finally ğŸ˜‚ğŸ˜‚ ğŸ¤£,"['haha', 'got', 'refund', 'today', 'finally', 'face_with_tears_of_joy::face_with_tears_of_joy', 'rolling_on_the_floor_laughing']",positive
19,brooo this thing is AMAZINGGG ğŸ˜ğŸ”¥!!!,"['brooo', 'thing', 'amazinggg', 'smiling_face_with_heart', 'eyes::fire']",positive
20,haha got refund today finally ğŸ˜‚ğŸ˜‚ #fail,"['haha', 'got', 'refund', 'today', 'finally', 'face_with_tears_of_joy::face_with_tears_of_joy']",positive
21,why the payment keeps failing ğŸ˜¡ @company pls fix!! ğŸ˜‚ğŸ˜‚,"['payment', 'keeps', 'failing', 'enraged_face', ' ', 'pls', 'fix', 'face_with_tears_of_joy::face_with_tears_of_joy']",negative
22,Received item late but okay quality. frfr,"['received', 'item', 'late', 'okay', 'quality', 'frfr']",negative
23,wtf was that error msg lol ğŸ˜‚ğŸ˜‚ tbh,"['wtf', 'error', 'msg', 'lol', 'face_with_tears_of_joy::face_with_tears_of_joy', 'tbh']",negative
24,LOVED the new update!!! ğŸ’¯ğŸ’¯ğŸ”¥ smh,"['loved', 'new', 'update', 'hundred_points::hundred_points::fire', 'smh']",neutral
25,yayyyy my order arrived ğŸ¥³ğŸ¥³ğŸ¥³ @brand,"['yayyyy', 'order', 'arrived', 'partying_face::partying_face::partying_face']",positive
26,what the hell is wrong with ur app?? ğŸ˜¤ğŸ˜¤!!!,"['hell', 'wrong', 'ur', 'app', 'face_with_steam_from_nose::face_with_steam_from_nose']",negative
27,Received item late but okay quality. lol,"['received', 'item', 'late', 'okay', 'quality', 'lol']",neutral
28,ugh... delivery took foreverrr ğŸ˜¤ğŸ˜¤ ğŸ’€,"['ugh', 'delivery', 'took', 'foreverrr', 'face_with_steam_from_nose::face_with_steam_from_nose', 'skull']",negative
29,Received item late but okay quality. ğŸ˜‚ğŸ˜‚,"['received', 'item', 'late', 'okay', 'quality', 'face_with_tears_of_joy::face_with_tears_of_joy']",neutral
30,horrible! never ordering again ğŸ¤¦â€â™‚ï¸ frfr,"['horrible', 'ordering', 'man_facepalming', 'frfr']",negative
31,update ruined everything smh ğŸ˜© pls fix,"['update', 'ruined', 'smh', 'weary_face', 'pls', 'fix']",negative
32,meh... okay experience overall. ğŸ¤£,"['meh', 'okay', 'experience', 'overall', 'rolling_on_the_floor_laughing']",negative
33,idk man... the site keeps lagging :(!!!,"['idk', 'man', 'site', 'keeps', 'lagging']",negative
34,brooo this thing is AMAZINGGG ğŸ˜ğŸ”¥ frfr,"['brooo', 'thing', 'amazinggg', 'smiling_face_with_heart', 'eyes::fire', 'frfr']",positive
35,quality was fine ig ğŸ¤·â€â™‚ï¸ @brand,"['quality', 'fine', 'ig', 'man_shrugging']",negative
36,ugh... delivery took foreverrr ğŸ˜¤ğŸ˜¤ frfr,"['ugh', 'delivery', 'took', 'foreverrr', 'face_with_steam_from_nose::face_with_steam_from_nose', 'frfr']",negative
37,quality was fine ig ğŸ¤·â€â™‚ï¸ #loveit,"['quality', 'fine', 'ig', 'man_shrugging']",negative
38,haha got refund today finally ğŸ˜‚ğŸ˜‚ #fail,"['haha', 'got', 'refund', 'today', 'finally', 'face_with_tears_of_joy::face_with_tears_of_joy']",positive
39,no issues so far. nice job. @brand,"['issues', 'far', 'nice', 'job']",neutral
40,ugh... delivery took foreverrr ğŸ˜¤ğŸ˜¤,"['ugh', 'delivery', 'took', 'foreverrr', 'face_with_steam_from_nose::face_with_steam_from_nose']",negative
41,yayyyy my order arrived ğŸ¥³ğŸ¥³ğŸ¥³ lol,"['yayyyy', 'order', 'arrived', 'partying_face::partying_face::partying_face', 'lol']",positive
42,no issues so far. nice job. frfr,"['issues', 'far', 'nice', 'job', 'frfr']",neutral
43,what the hell is wrong with ur app?? ğŸ˜¤ğŸ˜¤ ğŸ¤£,"['hell', 'wrong', 'ur', 'app', 'face_with_steam_from_nose::face_with_steam_from_nose', 'rolling_on_the_floor_laughing']",negative
44,ugh... delivery took foreverrr ğŸ˜¤ğŸ˜¤ frfr,"['ugh', 'delivery', 'took', 'foreverrr', 'face_with_steam_from_nose::face_with_steam_from_nose', 'frfr']",negative
45,brooo this thing is AMAZINGGG ğŸ˜ğŸ”¥ ğŸ¤£,"['brooo', 'thing', 'amazinggg', 'smiling_face_with_heart', 'eyes::fire', 'rolling_on_the_floor_laughing']",positive
46,LOVED the new update!!! ğŸ’¯ğŸ’¯ğŸ”¥ ğŸ˜‚ğŸ˜‚,"['loved', 'new', 'update', 'hundred_points::hundred_points::fire', 'face_with_tears_of_joy::face_with_tears_of_joy']",positive
47,haha got refund today finally ğŸ˜‚ğŸ˜‚,"['haha', 'got', 'refund', 'today', 'finally', 'face_with_tears_of_joy::face_with_tears_of_joy']",positive
48,quality was fine ig ğŸ¤·â€â™‚ï¸!!!,"['quality', 'fine', 'ig', 'man_shrugging']",negative
49,what the hell is wrong with ur app?? ğŸ˜¤ğŸ˜¤ ğŸ’€,"['hell', 'wrong', 'ur', 'app', 'face_with_steam_from_nose::face_with_steam_from_nose', 'skull']",negative
50,OMG ğŸ˜ğŸ˜ this app is sooo cool!!! #awesome #review,"['omg', 'smiling_face_with_heart', 'eyes::smiling_face_with_heart', 'eyes', 'app', 'sooo', 'cool']",positive
51,horrible! never ordering again ğŸ¤¦â€â™‚ï¸ frfr,"['horrible', 'ordering', 'man_facepalming', 'frfr']",negative
52,brooo this thing is AMAZINGGG ğŸ˜ğŸ”¥ @brand,"['brooo', 'thing', 'amazinggg', 'smiling_face_with_heart', 'eyes::fire']",positive
53,Received item late but okay quality. ğŸ’€,"['received', 'item', 'late', 'okay', 'quality', 'skull']",negative
54,quality was fine ig ğŸ¤·â€â™‚ï¸ @brand,"['quality', 'fine', 'ig', 'man_shrugging']",negative
55,idk man... the site keeps lagging :( #loveit,"['idk', 'man', 'site', 'keeps', 'lagging']",negative
56,haha they actually fixed it fast ğŸ‘ğŸ‘ @brand,"['haha', 'actually', 'fixed', 'fast', 'clapping_hands::clapping_hands']",positive
57,order canceled without reason?? ...,"['order', 'canceled', 'reason']",negative
58,no issues so far. nice job. #fail,"['issues', 'far', 'nice', 'job']",neutral
59,LOVED the new update!!! ğŸ’¯ğŸ’¯ğŸ”¥ lol,"['loved', 'new', 'update', 'hundred_points::hundred_points::fire', 'lol']",positive
60,haha they actually fixed it fast ğŸ‘ğŸ‘ ğŸ¤£,"['haha', 'actually', 'fixed', 'fast', 'clapping_hands::clapping_hands', 'rolling_on_the_floor_laughing']",positive
61,horrible! never ordering again ğŸ¤¦â€â™‚ï¸ ğŸ˜‚ğŸ˜‚,"['horrible', 'ordering', 'man_facepalming', 'face_with_tears_of_joy::face_with_tears_of_joy']",negative
62,OMG ğŸ˜ğŸ˜ this app is sooo cool!!! #awesome ğŸ˜‚ğŸ˜‚,"['omg', 'smiling_face_with_heart', 'eyes::smiling_face_with_heart', 'eyes', 'app', 'sooo', 'cool', ' ', 'face_with_tears_of_joy::face_with_tears_of_joy']",positive
63,haha got refund today finally ğŸ˜‚ğŸ˜‚ ğŸ¤£,"['haha', 'got', 'refund', 'today', 'finally', 'face_with_tears_of_joy::face_with_tears_of_joy', 'rolling_on_the_floor_laughing']",positive
64,customer srvc was great ğŸ‘ğŸ‘ ...,"['customer', 'srvc', 'great', 'thumbs_up::thumbs_up']",positive
65,haha got refund today finally ğŸ˜‚ğŸ˜‚ ...,"['haha', 'got', 'refund', 'today', 'finally', 'face_with_tears_of_joy::face_with_tears_of_joy']",positive
66,horrible! never ordering again ğŸ¤¦â€â™‚ï¸ frfr,"['horrible', 'ordering', 'man_facepalming', 'frfr']",negative
67,ugh... delivery took foreverrr ğŸ˜¤ğŸ˜¤ omg,"['ugh', 'delivery', 'took', 'foreverrr', 'face_with_steam_from_nose::face_with_steam_from_nose', 'omg']",negative
68,why the payment keeps failing ğŸ˜¡ @company pls fix!! @brand,"['payment', 'keeps', 'failing', 'enraged_face', ' ', 'pls', 'fix']",negative
69,Product okish... not bad tbh. #loveit,"['product', 'okish', 'bad', 'tbh']",negative
70,OMG ğŸ˜ğŸ˜ this app is sooo cool!!! #awesome tbh,"['omg', 'smiling_face_with_heart', 'eyes::smiling_face_with_heart', 'eyes', 'app', 'sooo', 'cool', ' ', 'tbh']",positive
71,idk man... the site keeps lagging :( #loveit,"['idk', 'man', 'site', 'keeps', 'lagging']",negative
72,OMG ğŸ˜ğŸ˜ this app is sooo cool!!! #awesome smh,"['omg', 'smiling_face_with_heart', 'eyes::smiling_face_with_heart', 'eyes', 'app', 'sooo', 'cool', ' ', 'smh']",positive
73,brooo this thing is AMAZINGGG ğŸ˜ğŸ”¥ ğŸ˜‚ğŸ˜‚,"['brooo', 'thing', 'amazinggg', 'smiling_face_with_heart', 'eyes::fire', 'face_with_tears_of_joy::face_with_tears_of_joy']",positive
74,quality was fine ig ğŸ¤·â€â™‚ï¸ tbh,"['quality', 'fine', 'ig', 'man_shrugging', 'tbh']",negative
75,meh... okay experience overall. asap,"['meh', 'okay', 'experience', 'overall', 'asap']",negative
76,meh... okay experience overall. tbh,"['meh', 'okay', 'experience', 'overall', 'tbh']",negative
77,meh... okay experience overall. smh,"['meh', 'okay', 'experience', 'overall', 'smh']",negative
78,Product okish... not bad tbh. smh,"['product', 'okish', 'bad', 'tbh', 'smh']",negative
79,OMG ğŸ˜ğŸ˜ this app is sooo cool!!! #awesome tbh,"['omg', 'smiling_face_with_heart', 'eyes::smiling_face_with_heart', 'eyes', 'app', 'sooo', 'cool', ' ', 'tbh']",positive
80,wtf was that error msg lol ğŸ˜‚ğŸ˜‚ omg,"['wtf', 'error', 'msg', 'lol', 'face_with_tears_of_joy::face_with_tears_of_joy', 'omg']",neutral
81,Product okish... not bad tbh. ...,"['product', 'okish', 'bad', 'tbh']",negative
82,meh... okay experience overall.,"['meh', 'okay', 'experience', 'overall']",negative
83,yayyyy my order arrived ğŸ¥³ğŸ¥³ğŸ¥³ haha,"['yayyyy', 'order', 'arrived', 'partying_face::partying_face::partying_face', 'haha']",positive
84,no issues so far. nice job.!!!,"['issues', 'far', 'nice', 'job']",neutral
85,Product okish... not bad tbh. pls fix,"['product', 'okish', 'bad', 'tbh', 'pls', 'fix']",negative
86,Product okish... not bad tbh. frfr,"['product', 'okish', 'bad', 'tbh', 'frfr']",negative
87,brooo this thing is AMAZINGGG ğŸ˜ğŸ”¥!!!,"['brooo', 'thing', 'amazinggg', 'smiling_face_with_heart', 'eyes::fire']",positive
88,ugh... delivery took foreverrr ğŸ˜¤ğŸ˜¤ ğŸ’€,"['ugh', 'delivery', 'took', 'foreverrr', 'face_with_steam_from_nose::face_with_steam_from_nose', 'skull']",negative
89,Product okish... not bad tbh. omg,"['product', 'okish', 'bad', 'tbh', 'omg']",negative
90,customer srvc was great ğŸ‘ğŸ‘ @brand,"['customer', 'srvc', 'great', 'thumbs_up::thumbs_up']",positive
91,OMG ğŸ˜ğŸ˜ this app is sooo cool!!! #awesome!!!,"['omg', 'smiling_face_with_heart', 'eyes::smiling_face_with_heart', 'eyes', 'app', 'sooo', 'cool']",positive
92,haha got refund today finally ğŸ˜‚ğŸ˜‚ #review,"['haha', 'got', 'refund', 'today', 'finally', 'face_with_tears_of_joy::face_with_tears_of_joy']",positive
93,brooo this thing is AMAZINGGG ğŸ˜ğŸ”¥ ğŸ¤£,"['brooo', 'thing', 'amazinggg', 'smiling_face_with_heart', 'eyes::fire', 'rolling_on_the_floor_laughing']",positive
94,quality was fine ig ğŸ¤·â€â™‚ï¸ #fail,"['quality', 'fine', 'ig', 'man_shrugging']",negative
95,brooo this thing is AMAZINGGG ğŸ˜ğŸ”¥ pls fix,"['brooo', 'thing', 'amazinggg', 'smiling_face_with_heart', 'eyes::fire', 'pls', 'fix']",positive
96,idk man... the site keeps lagging :( #loveit,"['idk', 'man', 'site', 'keeps', 'lagging']",negative
97,customer srvc was great ğŸ‘ğŸ‘ #loveit,"['customer', 'srvc', 'great', 'thumbs_up::thumbs_up']",positive
98,haha got refund today finally ğŸ˜‚ğŸ˜‚ @brand,"['haha', 'got', 'refund', 'today', 'finally', 'face_with_tears_of_joy::face_with_tears_of_joy']",positive
99,update ruined everything smh ğŸ˜© #loveit,"['update', 'ruined', 'smh', 'weary_face']",negative
100,update ruined everything smh ğŸ˜© frfr,"['update', 'ruined', 'smh', 'weary_face', 'frfr']",negative
101,Received item late but okay quality. @brand,"['received', 'item', 'late', 'okay', 'quality']",negative
102,what the hell is wrong with ur app?? ğŸ˜¤ğŸ˜¤ lol,"['hell', 'wrong', 'ur', 'app', 'face_with_steam_from_nose::face_with_steam_from_nose', 'lol']",negative
103,wtf was that error msg lol ğŸ˜‚ğŸ˜‚!!!,"['wtf', 'error', 'msg', 'lol', 'face_with_tears_of_joy::face_with_tears_of_joy']",neutral
104,meh... okay experience overall. pls fix,"['meh', 'okay', 'experience', 'overall', 'pls', 'fix']",negative
105,haha they actually fixed it fast ğŸ‘ğŸ‘ pls fix,"['haha', 'actually', 'fixed', 'fast', 'clapping_hands::clapping_hands', 'pls', 'fix']",neutral
106,no issues so far. nice job. omg,"['issues', 'far', 'nice', 'job', 'omg']",neutral
107,idk man... the site keeps lagging :( lol,"['idk', 'man', 'site', 'keeps', 'lagging', 'lol']",negative
108,idk man... the site keeps lagging :( omg,"['idk', 'man', 'site', 'keeps', 'lagging', 'omg']",negative
109,quality was fine ig ğŸ¤·â€â™‚ï¸ omg,"['quality', 'fine', 'ig', 'man_shrugging', 'omg']",negative
110,brooo this thing is AMAZINGGG ğŸ˜ğŸ”¥ ğŸ¤£,"['brooo', 'thing', 'amazinggg', 'smiling_face_with_heart', 'eyes::fire', 'rolling_on_the_floor_laughing']",positive
111,idk man... the site keeps lagging :( asap,"['idk', 'man', 'site', 'keeps', 'lagging', 'asap']",negative
112,haha they actually fixed it fast ğŸ‘ğŸ‘ #loveit,"['haha', 'actually', 'fixed', 'fast', 'clapping_hands::clapping_hands']",positive
113,Received item late but okay quality.!!!,"['received', 'item', 'late', 'okay', 'quality']",negative
114,why the payment keeps failing ğŸ˜¡ @company pls fix!! ...,"['payment', 'keeps', 'failing', 'enraged_face', ' ', 'pls', 'fix']",negative
115,no issues so far. nice job. ğŸ¤£,"['issues', 'far', 'nice', 'job', 'rolling_on_the_floor_laughing']",neutral
116,ugh... delivery took foreverrr ğŸ˜¤ğŸ˜¤ smh,"['ugh', 'delivery', 'took', 'foreverrr', 'face_with_steam_from_nose::face_with_steam_from_nose', 'smh']",negative
117,quality was fine ig ğŸ¤·â€â™‚ï¸ frfr,"['quality', 'fine', 'ig', 'man_shrugging', 'frfr']",negative
118,horrible! never ordering again ğŸ¤¦â€â™‚ï¸ ...,"['horrible', 'ordering', 'man_facepalming']",negative
119,brooo this thing is AMAZINGGG ğŸ˜ğŸ”¥ @brand,"['brooo', 'thing', 'amazinggg', 'smiling_face_with_heart', 'eyes::fire']",positive
120,customer srvc was great ğŸ‘ğŸ‘ tbh,"['customer', 'srvc', 'great', 'thumbs_up::thumbs_up', 'tbh']",positive
121,OMG ğŸ˜ğŸ˜ this app is sooo cool!!! #awesome pls fix,"['omg', 'smiling_face_with_heart', 'eyes::smiling_face_with_heart', 'eyes', 'app', 'sooo', 'cool', ' ', 'pls', 'fix']",positive
122,meh... okay experience overall.,"['meh', 'okay', 'experience', 'overall']",negative
123,why the payment keeps failing ğŸ˜¡ @company pls fix!! #loveit,"['payment', 'keeps', 'failing', 'enraged_face', ' ', 'pls', 'fix']",negative
124,haha they actually fixed it fast ğŸ‘ğŸ‘ pls fix,"['haha', 'actually', 'fixed', 'fast', 'clapping_hands::clapping_hands', 'pls', 'fix']",neutral
125,idk man... the site keeps lagging :( smh,"['idk', 'man', 'site', 'keeps', 'lagging', 'smh']",negative
126,meh... okay experience overall. asap,"['meh', 'okay', 'experience', 'overall', 'asap']",negative
127,update ruined everything smh ğŸ˜©!!!,"['update', 'ruined', 'smh', 'weary_face']",negative
128,wtf was that error msg lol ğŸ˜‚ğŸ˜‚ #loveit,"['wtf', 'error', 'msg', 'lol', 'face_with_tears_of_joy::face_with_tears_of_joy']",neutral
129,why the payment keeps failing ğŸ˜¡ @company pls fix!! pls fix,"['payment', 'keeps', 'failing', 'enraged_face', ' ', 'pls', 'fix', 'pls', 'fix']",negative
130,why the payment keeps failing ğŸ˜¡ @company pls fix!! ğŸ˜‚ğŸ˜‚,"['payment', 'keeps', 'failing', 'enraged_face', ' ', 'pls', 'fix', 'face_with_tears_of_joy::face_with_tears_of_joy']",negative
131,update ruined everything smh ğŸ˜© ğŸ’€,"['update', 'ruined', 'smh', 'weary_face', 'skull']",negative
132,brooo this thing is AMAZINGGG ğŸ˜ğŸ”¥ ğŸ’€,"['brooo', 'thing', 'amazinggg', 'smiling_face_with_heart', 'eyes::fire', 'skull']",positive
133,LOVED the new update!!! ğŸ’¯ğŸ’¯ğŸ”¥ pls fix,"['loved', 'new', 'update', 'hundred_points::hundred_points::fire', 'pls', 'fix']",negative
134,customer srvc was great ğŸ‘ğŸ‘ frfr,"['customer', 'srvc', 'great', 'thumbs_up::thumbs_up', 'frfr']",positive
135,Received item late but okay quality. pls fix,"['received', 'item', 'late', 'okay', 'quality', 'pls', 'fix']",negative
136,why the payment keeps failing ğŸ˜¡ @company pls fix!! haha,"['payment', 'keeps', 'failing', 'enraged_face', ' ', 'pls', 'fix', 'haha']",negative
137,haha got refund today finally ğŸ˜‚ğŸ˜‚ frfr,"['haha', 'got', 'refund', 'today', 'finally', 'face_with_tears_of_joy::face_with_tears_of_joy', 'frfr']",positive
138,yayyyy my order arrived ğŸ¥³ğŸ¥³ğŸ¥³ frfr,"['yayyyy', 'order', 'arrived', 'partying_face::partying_face::partying_face', 'frfr']",positive
139,horrible! never ordering again ğŸ¤¦â€â™‚ï¸ @brand,"['horrible', 'ordering', 'man_facepalming']",negative
140,brooo this thing is AMAZINGGG ğŸ˜ğŸ”¥ ğŸ˜‚ğŸ˜‚,"['brooo', 'thing', 'amazinggg', 'smiling_face_with_heart', 'eyes::fire', 'face_with_tears_of_joy::face_with_tears_of_joy']",positive
141,Product okish... not bad tbh. #loveit,"['product', 'okish', 'bad', 'tbh']",negative
142,ugh... delivery took foreverrr ğŸ˜¤ğŸ˜¤ #fail,"['ugh', 'delivery', 'took', 'foreverrr', 'face_with_steam_from_nose::face_with_steam_from_nose']",negative
143,haha they actually fixed it fast ğŸ‘ğŸ‘ tbh,"['haha', 'actually', 'fixed', 'fast', 'clapping_hands::clapping_hands', 'tbh']",positive
144,idk man... the site keeps lagging :( smh,"['idk', 'man', 'site', 'keeps', 'lagging', 'smh']",negative
145,OMG ğŸ˜ğŸ˜ this app is sooo cool!!! #awesome #review,"['omg', 'smiling_face_with_heart', 'eyes::smiling_face_with_heart', 'eyes', 'app', 'sooo', 'cool']",positive
146,order canceled without reason?? ğŸ’€,"['order', 'canceled', 'reason', 'skull']",negative
147,brooo this thing is AMAZINGGG ğŸ˜ğŸ”¥ ...,"['brooo', 'thing', 'amazinggg', 'smiling_face_with_heart', 'eyes::fire']",positive
148,no issues so far. nice job. #fail,"['issues', 'far', 'nice', 'job']",neutral
149,LOVED the new update!!! ğŸ’¯ğŸ’¯ğŸ”¥,"['loved', 'new', 'update', 'hundred_points::hundred_points::fire']",positive
150,Product okish... not bad tbh. ğŸ’€,"['product', 'okish', 'bad', 'tbh', 'skull']",negative
151,idk man... the site keeps lagging :( asap,"['idk', 'man', 'site', 'keeps', 'lagging', 'asap']",negative
152,order canceled without reason?? #fail,"['order', 'canceled', 'reason']",negative
153,yayyyy my order arrived ğŸ¥³ğŸ¥³ğŸ¥³ ...,"['yayyyy', 'order', 'arrived', 'partying_face::partying_face::partying_face']",positive
154,yayyyy my order arrived ğŸ¥³ğŸ¥³ğŸ¥³ asap,"['yayyyy', 'order', 'arrived', 'partying_face::partying_face::partying_face', 'asap']",positive
155,Received item late but okay quality. #review,"['received', 'item', 'late', 'okay', 'quality']",negative
156,meh... okay experience overall. lol,"['meh', 'okay', 'experience', 'overall', 'lol']",neutral
157,update ruined everything smh ğŸ˜© @brand,"['update', 'ruined', 'smh', 'weary_face']",negative
158,LOVED the new update!!! ğŸ’¯ğŸ’¯ğŸ”¥!!!,"['loved', 'new', 'update', 'hundred_points::hundred_points::fire']",positive
159,order canceled without reason?? ğŸ¤£,"['order', 'canceled', 'reason', 'rolling_on_the_floor_laughing']",negative
160,no issues so far. nice job. #loveit,"['issues', 'far', 'nice', 'job']",neutral
161,ugh... delivery took foreverrr ğŸ˜¤ğŸ˜¤ lol,"['ugh', 'delivery', 'took', 'foreverrr', 'face_with_steam_from_nose::face_with_steam_from_nose', 'lol']",negative
162,haha they actually fixed it fast ğŸ‘ğŸ‘ ğŸ¤£,"['haha', 'actually', 'fixed', 'fast', 'clapping_hands::clapping_hands', 'rolling_on_the_floor_laughing']",positive
163,why the payment keeps failing ğŸ˜¡ @company pls fix!! pls fix,"['payment', 'keeps', 'failing', 'enraged_face', ' ', 'pls', 'fix', 'pls', 'fix']",negative
164,ugh... delivery took foreverrr ğŸ˜¤ğŸ˜¤ #review,"['ugh', 'delivery', 'took', 'foreverrr', 'face_with_steam_from_nose::face_with_steam_from_nose']",negative
165,haha got refund today finally ğŸ˜‚ğŸ˜‚ ğŸ’€,"['haha', 'got', 'refund', 'today', 'finally', 'face_with_tears_of_joy::face_with_tears_of_joy', 'skull']",positive
166,quality was fine ig ğŸ¤·â€â™‚ï¸ ğŸ’€,"['quality', 'fine', 'ig', 'man_shrugging', 'skull']",negative
167,haha they actually fixed it fast ğŸ‘ğŸ‘,"['haha', 'actually', 'fixed', 'fast', 'clapping_hands::clapping_hands']",positive
168,Received item late but okay quality. ğŸ¤£,"['received', 'item', 'late', 'okay', 'quality', 'rolling_on_the_floor_laughing']",negative
169,ugh... delivery took foreverrr ğŸ˜¤ğŸ˜¤ ğŸ’€,"['ugh', 'delivery', 'took', 'foreverrr', 'face_with_steam_from_nose::face_with_steam_from_nose', 'skull']",negative
170,LOVED the new update!!! ğŸ’¯ğŸ’¯ğŸ”¥ ...,"['loved', 'new', 'update', 'hundred_points::hundred_points::fire']",positive
171,order canceled without reason?? ğŸ’€,"['order', 'canceled', 'reason', 'skull']",negative
172,wtf was that error msg lol ğŸ˜‚ğŸ˜‚ asap,"['wtf', 'error', 'msg', 'lol', 'face_with_tears_of_joy::face_with_tears_of_joy', 'asap']",negative
173,why the payment keeps failing ğŸ˜¡ @company pls fix!!,"['payment', 'keeps', 'failing', 'enraged_face', ' ', 'pls', 'fix']",negative
174,what the hell is wrong with ur app?? ğŸ˜¤ğŸ˜¤!!!,"['hell', 'wrong', 'ur', 'app', 'face_with_steam_from_nose::face_with_steam_from_nose']",negative
175,ugh... delivery took foreverrr ğŸ˜¤ğŸ˜¤ omg,"['ugh', 'delivery', 'took', 'foreverrr', 'face_with_steam_from_nose::face_with_steam_from_nose', 'omg']",negative
176,horrible! never ordering again ğŸ¤¦â€â™‚ï¸ #fail,"['horrible', 'ordering', 'man_facepalming']",negative
177,Received item late but okay quality. #fail,"['received', 'item', 'late', 'okay', 'quality']",negative
178,yayyyy my order arrived ğŸ¥³ğŸ¥³ğŸ¥³,"['yayyyy', 'order', 'arrived', 'partying_face::partying_face::partying_face']",positive
179,horrible! never ordering again ğŸ¤¦â€â™‚ï¸ smh,"['horrible', 'ordering', 'man_facepalming', 'smh']",negative
180,wtf was that error msg lol ğŸ˜‚ğŸ˜‚ ...,"['wtf', 'error', 'msg', 'lol', 'face_with_tears_of_joy::face_with_tears_of_joy']",neutral
181,ugh... delivery took foreverrr ğŸ˜¤ğŸ˜¤ frfr,"['ugh', 'delivery', 'took', 'foreverrr', 'face_with_steam_from_nose::face_with_steam_from_nose', 'frfr']",negative
182,Received item late but okay quality. #fail,"['received', 'item', 'late', 'okay', 'quality']",negative
183,update ruined everything smh ğŸ˜© haha,"['update', 'ruined', 'smh', 'weary_face', 'haha']",negative
184,OMG ğŸ˜ğŸ˜ this app is sooo cool!!! #awesome haha,"['omg', 'smiling_face_with_heart', 'eyes::smiling_face_with_heart', 'eyes', 'app', 'sooo', 'cool', ' ', 'haha']",positive
185,wtf was that error msg lol ğŸ˜‚ğŸ˜‚ #fail,"['wtf', 'error', 'msg', 'lol', 'face_with_tears_of_joy::face_with_tears_of_joy']",neutral
186,ugh... delivery took foreverrr ğŸ˜¤ğŸ˜¤ tbh,"['ugh', 'delivery', 'took', 'foreverrr', 'face_with_steam_from_nose::face_with_steam_from_nose', 'tbh']",negative
187,LOVED the new update!!! ğŸ’¯ğŸ’¯ğŸ”¥ ğŸ˜‚ğŸ˜‚,"['loved', 'new', 'update', 'hundred_points::hundred_points::fire', 'face_with_tears_of_joy::face_with_tears_of_joy']",positive
188,idk man... the site keeps lagging :( @brand,"['idk', 'man', 'site', 'keeps', 'lagging']",negative
189,why the payment keeps failing ğŸ˜¡ @company pls fix!!!!!,"['payment', 'keeps', 'failing', 'enraged_face', ' ', 'pls', 'fix']",negative
190,horrible! never ordering again ğŸ¤¦â€â™‚ï¸ ğŸ’€,"['horrible', 'ordering', 'man_facepalming', 'skull']",negative
191,LOVED the new update!!! ğŸ’¯ğŸ’¯ğŸ”¥ ...,"['loved', 'new', 'update', 'hundred_points::hundred_points::fire']",positive
192,yayyyy my order arrived ğŸ¥³ğŸ¥³ğŸ¥³ ğŸ¤£,"['yayyyy', 'order', 'arrived', 'partying_face::partying_face::partying_face', 'rolling_on_the_floor_laughing']",positive
193,yayyyy my order arrived ğŸ¥³ğŸ¥³ğŸ¥³ asap,"['yayyyy', 'order', 'arrived', 'partying_face::partying_face::partying_face', 'asap']",positive
194,customer srvc was great ğŸ‘ğŸ‘ tbh,"['customer', 'srvc', 'great', 'thumbs_up::thumbs_up', 'tbh']",positive
195,haha they actually fixed it fast ğŸ‘ğŸ‘!!!,"['haha', 'actually', 'fixed', 'fast', 'clapping_hands::clapping_hands']",positive
196,OMG ğŸ˜ğŸ˜ this app is sooo cool!!! #awesome #fail,"['omg', 'smiling_face_with_heart', 'eyes::smiling_face_with_heart', 'eyes', 'app', 'sooo', 'cool']",positive
197,idk man... the site keeps lagging :( lol,"['idk', 'man', 'site', 'keeps', 'lagging', 'lol']",negative
198,Product okish... not bad tbh. smh,"['product', 'okish', 'bad', 'tbh', 'smh']",negative
199,haha they actually fixed it fast ğŸ‘ğŸ‘ #review,"['haha', 'actually', 'fixed', 'fast', 'clapping_hands::clapping_hands']",positive
200,what the hell is wrong with ur app?? ğŸ˜¤ğŸ˜¤ pls fix,"['hell', 'wrong', 'ur', 'app', 'face_with_steam_from_nose::face_with_steam_from_nose', 'pls', 'fix']",negative
201,customer srvc was great ğŸ‘ğŸ‘ frfr,"['customer', 'srvc', 'great', 'thumbs_up::thumbs_up', 'frfr']",positive
202,brooo this thing is AMAZINGGG ğŸ˜ğŸ”¥ frfr,"['brooo', 'thing', 'amazinggg', 'smiling_face_with_heart', 'eyes::fire', 'frfr']",positive
203,no issues so far. nice job. #loveit,"['issues', 'far', 'nice', 'job']",neutral
204,ugh... delivery took foreverrr ğŸ˜¤ğŸ˜¤ asap,"['ugh', 'delivery', 'took', 'foreverrr', 'face_with_steam_from_nose::face_with_steam_from_nose', 'asap']",negative
205,customer srvc was great ğŸ‘ğŸ‘ #loveit,"['customer', 'srvc', 'great', 'thumbs_up::thumbs_up']",positive
206,update ruined everything smh ğŸ˜© @brand,"['update', 'ruined', 'smh', 'weary_face']",negative
207,LOVED the new update!!! ğŸ’¯ğŸ’¯ğŸ”¥ omg,"['loved', 'new', 'update', 'hundred_points::hundred_points::fire', 'omg']",positive
208,horrible! never ordering again ğŸ¤¦â€â™‚ï¸ ğŸ¤£,"['horrible', 'ordering', 'man_facepalming', 'rolling_on_the_floor_laughing']",negative
209,wtf was that error msg lol ğŸ˜‚ğŸ˜‚,"['wtf', 'error', 'msg', 'lol', 'face_with_tears_of_joy::face_with_tears_of_joy']",neutral
210,what the hell is wrong with ur app?? ğŸ˜¤ğŸ˜¤ #fail,"['hell', 'wrong', 'ur', 'app', 'face_with_steam_from_nose::face_with_steam_from_nose']",negative
211,customer srvc was great ğŸ‘ğŸ‘ lol,"['customer', 'srvc', 'great', 'thumbs_up::thumbs_up', 'lol']",positive
212,OMG ğŸ˜ğŸ˜ this app is sooo cool!!! #awesome #review,"['omg', 'smiling_face_with_heart', 'eyes::smiling_face_with_heart', 'eyes', 'app', 'sooo', 'cool']",positive
213,quality was fine ig ğŸ¤·â€â™‚ï¸ @brand,"['quality', 'fine', 'ig', 'man_shrugging']",negative
214,ugh... delivery took foreverrr ğŸ˜¤ğŸ˜¤ pls fix,"['ugh', 'delivery', 'took', 'foreverrr', 'face_with_steam_from_nose::face_with_steam_from_nose', 'pls', 'fix']",negative
215,wtf was that error msg lol ğŸ˜‚ğŸ˜‚ lol,"['wtf', 'error', 'msg', 'lol', 'face_with_tears_of_joy::face_with_tears_of_joy', 'lol']",positive
216,no issues so far. nice job. pls fix,"['issues', 'far', 'nice', 'job', 'pls', 'fix']",negative
217,order canceled without reason?? tbh,"['order', 'canceled', 'reason', 'tbh']",negative
218,haha they actually fixed it fast ğŸ‘ğŸ‘ ğŸ¤£,"['haha', 'actually', 'fixed', 'fast', 'clapping_hands::clapping_hands', 'rolling_on_the_floor_laughing']",positive
219,horrible! never ordering again ğŸ¤¦â€â™‚ï¸ #fail,"['horrible', 'ordering', 'man_facepalming']",negative
220,OMG ğŸ˜ğŸ˜ this app is sooo cool!!! #awesome!!!,"['omg', 'smiling_face_with_heart', 'eyes::smiling_face_with_heart', 'eyes', 'app', 'sooo', 'cool']",positive
221,what the hell is wrong with ur app?? ğŸ˜¤ğŸ˜¤ ğŸ’€,"['hell', 'wrong', 'ur', 'app', 'face_with_steam_from_nose::face_with_steam_from_nose', 'skull']",negative
222,update ruined everything smh ğŸ˜© pls fix,"['update', 'ruined', 'smh', 'weary_face', 'pls', 'fix']",negative
223,ugh... delivery took foreverrr ğŸ˜¤ğŸ˜¤ ...,"['ugh', 'delivery', 'took', 'foreverrr', 'face_with_steam_from_nose::face_with_steam_from_nose']",negative
224,update ruined everything smh ğŸ˜© ğŸ˜‚ğŸ˜‚,"['update', 'ruined', 'smh', 'weary_face', 'face_with_tears_of_joy::face_with_tears_of_joy']",negative
225,LOVED the new update!!! ğŸ’¯ğŸ’¯ğŸ”¥ #fail,"['loved', 'new', 'update', 'hundred_points::hundred_points::fire']",positive
226,ugh... delivery took foreverrr ğŸ˜¤ğŸ˜¤ lol,"['ugh', 'delivery', 'took', 'foreverrr', 'face_with_steam_from_nose::face_with_steam_from_nose', 'lol']",negative
227,yayyyy my order arrived ğŸ¥³ğŸ¥³ğŸ¥³ haha,"['yayyyy', 'order', 'arrived', 'partying_face::partying_face::partying_face', 'haha']",positive
228,quality was fine ig ğŸ¤·â€â™‚ï¸,"['quality', 'fine', 'ig', 'man_shrugging']",negative
229,Product okish... not bad tbh. pls fix,"['product', 'okish', 'bad', 'tbh', 'pls', 'fix']",negative
230,order canceled without reason?? omg,"['order', 'canceled', 'reason', 'omg']",negative
231,order canceled without reason?? pls fix,"['order', 'canceled', 'reason', 'pls', 'fix']",negative
232,ugh... delivery took foreverrr ğŸ˜¤ğŸ˜¤ pls fix,"['ugh', 'delivery', 'took', 'foreverrr', 'face_with_steam_from_nose::face_with_steam_from_nose', 'pls', 'fix']",negative
233,wtf was that error msg lol ğŸ˜‚ğŸ˜‚ tbh,"['wtf', 'error', 'msg', 'lol', 'face_with_tears_of_joy::face_with_tears_of_joy', 'tbh']",negative
234,horrible! never ordering again ğŸ¤¦â€â™‚ï¸ ğŸ¤£,"['horrible', 'ordering', 'man_facepalming', 'rolling_on_the_floor_laughing']",negative
235,idk man... the site keeps lagging :( haha,"['idk', 'man', 'site', 'keeps', 'lagging', 'haha']",negative
236,horrible! never ordering again ğŸ¤¦â€â™‚ï¸ haha,"['horrible', 'ordering', 'man_facepalming', 'haha']",negative
237,OMG ğŸ˜ğŸ˜ this app is sooo cool!!! #awesome #fail,"['omg', 'smiling_face_with_heart', 'eyes::smiling_face_with_heart', 'eyes', 'app', 'sooo', 'cool']",positive
238,what the hell is wrong with ur app?? ğŸ˜¤ğŸ˜¤ omg,"['hell', 'wrong', 'ur', 'app', 'face_with_steam_from_nose::face_with_steam_from_nose', 'omg']",negative
239,update ruined everything smh ğŸ˜© smh,"['update', 'ruined', 'smh', 'weary_face', 'smh']",negative
240,OMG ğŸ˜ğŸ˜ this app is sooo cool!!! #awesome ğŸ¤£,"['omg', 'smiling_face_with_heart', 'eyes::smiling_face_with_heart', 'eyes', 'app', 'sooo', 'cool', ' ', 'rolling_on_the_floor_laughing']",positive
241,order canceled without reason?? smh,"['order', 'canceled', 'reason', 'smh']",negative
242,brooo this thing is AMAZINGGG ğŸ˜ğŸ”¥!!!,"['brooo', 'thing', 'amazinggg', 'smiling_face_with_heart', 'eyes::fire']",positive
243,wtf was that error msg lol ğŸ˜‚ğŸ˜‚!!!,"['wtf', 'error', 'msg', 'lol', 'face_with_tears_of_joy::face_with_tears_of_joy']",neutral
244,customer srvc was great ğŸ‘ğŸ‘ ğŸ’€,"['customer', 'srvc', 'great', 'thumbs_up::thumbs_up', 'skull']",positive
245,Received item late but okay quality. asap,"['received', 'item', 'late', 'okay', 'quality', 'asap']",negative
246,order canceled without reason?? ğŸ’€,"['order', 'canceled', 'reason', 'skull']",negative
247,no issues so far. nice job. #fail,"['issues', 'far', 'nice', 'job']",neutral
248,horrible! never ordering again ğŸ¤¦â€â™‚ï¸ haha,"['horrible', 'ordering', 'man_facepalming', 'haha']",negative
249,meh... okay experience overall.,"['meh', 'okay', 'experience', 'overall']",negative
250,LOVED the new update!!! ğŸ’¯ğŸ’¯ğŸ”¥ ...,"['loved', 'new', 'update', 'hundred_points::hundred_points::fire']",positive
251,idk man... the site keeps lagging :( omg,"['idk', 'man', 'site', 'keeps', 'lagging', 'omg']",negative
252,order canceled without reason?? lol,"['order', 'canceled', 'reason', 'lol']",negative
253,meh... okay experience overall. asap,"['meh', 'okay', 'experience', 'overall', 'asap']",negative
254,what the hell is wrong with ur app?? ğŸ˜¤ğŸ˜¤ tbh,"['hell', 'wrong', 'ur', 'app', 'face_with_steam_from_nose::face_with_steam_from_nose', 'tbh']",negative
255,idk man... the site keeps lagging :( ğŸ’€,"['idk', 'man', 'site', 'keeps', 'lagging', 'skull']",negative
256,customer srvc was great ğŸ‘ğŸ‘!!!,"['customer', 'srvc', 'great', 'thumbs_up::thumbs_up']",positive
257,customer srvc was great ğŸ‘ğŸ‘ ğŸ¤£,"['customer', 'srvc', 'great', 'thumbs_up::thumbs_up', 'rolling_on_the_floor_laughing']",positive
258,customer srvc was great ğŸ‘ğŸ‘ asap,"['customer', 'srvc', 'great', 'thumbs_up::thumbs_up', 'asap']",positive
259,no issues so far. nice job. asap,"['issues', 'far', 'nice', 'job', 'asap']",negative
260,Received item late but okay quality. #fail,"['received', 'item', 'late', 'okay', 'quality']",negative
261,brooo this thing is AMAZINGGG ğŸ˜ğŸ”¥ frfr,"['brooo', 'thing', 'amazinggg', 'smiling_face_with_heart', 'eyes::fire', 'frfr']",positive
262,ugh... delivery took foreverrr ğŸ˜¤ğŸ˜¤ @brand,"['ugh', 'delivery', 'took', 'foreverrr', 'face_with_steam_from_nose::face_with_steam_from_nose']",negative
263,OMG ğŸ˜ğŸ˜ this app is sooo cool!!! #awesome,"['omg', 'smiling_face_with_heart', 'eyes::smiling_face_with_heart', 'eyes', 'app', 'sooo', 'cool']",positive
264,what the hell is wrong with ur app?? ğŸ˜¤ğŸ˜¤ #review,"['hell', 'wrong', 'ur', 'app', 'face_with_steam_from_nose::face_with_steam_from_nose']",negative
265,brooo this thing is AMAZINGGG ğŸ˜ğŸ”¥ asap,"['brooo', 'thing', 'amazinggg', 'smiling_face_with_heart', 'eyes::fire', 'asap']",positive
266,Received item late but okay quality. #review,"['received', 'item', 'late', 'okay', 'quality']",negative
267,quality was fine ig ğŸ¤·â€â™‚ï¸ ğŸ¤£,"['quality', 'fine', 'ig', 'man_shrugging', 'rolling_on_the_floor_laughing']",negative
268,customer srvc was great ğŸ‘ğŸ‘ #review,"['customer', 'srvc', 'great', 'thumbs_up::thumbs_up']",positive
269,update ruined everything smh ğŸ˜© #review,"['update', 'ruined', 'smh', 'weary_face']",negative
270,ugh... delivery took foreverrr ğŸ˜¤ğŸ˜¤ asap,"['ugh', 'delivery', 'took', 'foreverrr', 'face_with_steam_from_nose::face_with_steam_from_nose', 'asap']",negative
271,no issues so far. nice job. #fail,"['issues', 'far', 'nice', 'job']",neutral
272,OMG ğŸ˜ğŸ˜ this app is sooo cool!!! #awesome asap,"['omg', 'smiling_face_with_heart', 'eyes::smiling_face_with_heart', 'eyes', 'app', 'sooo', 'cool', ' ', 'asap']",positive
273,ugh... delivery took foreverrr ğŸ˜¤ğŸ˜¤ #fail,"['ugh', 'delivery', 'took', 'foreverrr', 'face_with_steam_from_nose::face_with_steam_from_nose']",negative
274,Product okish... not bad tbh. ğŸ’€,"['product', 'okish', 'bad', 'tbh', 'skull']",negative
275,customer srvc was great ğŸ‘ğŸ‘ #fail,"['customer', 'srvc', 'great', 'thumbs_up::thumbs_up']",positive
276,meh... okay experience overall.,"['meh', 'okay', 'experience', 'overall']",negative
277,meh... okay experience overall. pls fix,"['meh', 'okay', 'experience', 'overall', 'pls', 'fix']",negative
278,LOVED the new update!!! ğŸ’¯ğŸ’¯ğŸ”¥ omg,"['loved', 'new', 'update', 'hundred_points::hundred_points::fire', 'omg']",positive
279,quality was fine ig ğŸ¤·â€â™‚ï¸ omg,"['quality', 'fine', 'ig', 'man_shrugging', 'omg']",negative
280,OMG ğŸ˜ğŸ˜ this app is sooo cool!!! #awesome,"['omg', 'smiling_face_with_heart', 'eyes::smiling_face_with_heart', 'eyes', 'app', 'sooo', 'cool']",positive
281,wtf was that error msg lol ğŸ˜‚ğŸ˜‚ @brand,"['wtf', 'error', 'msg', 'lol', 'face_with_tears_of_joy::face_with_tears_of_joy']",neutral
282,why the payment keeps failing ğŸ˜¡ @company pls fix!! ğŸ˜‚ğŸ˜‚,"['payment', 'keeps', 'failing', 'enraged_face', ' ', 'pls', 'fix', 'face_with_tears_of_joy::face_with_tears_of_joy']",negative
283,haha they actually fixed it fast ğŸ‘ğŸ‘ omg,"['haha', 'actually', 'fixed', 'fast', 'clapping_hands::clapping_hands', 'omg']",positive
284,horrible! never ordering again ğŸ¤¦â€â™‚ï¸ ğŸ¤£,"['horrible', 'ordering', 'man_facepalming', 'rolling_on_the_floor_laughing']",negative
285,no issues so far. nice job. #fail,"['issues', 'far', 'nice', 'job']",neutral
286,Received item late but okay quality. ğŸ˜‚ğŸ˜‚,"['received', 'item', 'late', 'okay', 'quality', 'face_with_tears_of_joy::face_with_tears_of_joy']",neutral
287,Product okish... not bad tbh. @brand,"['product', 'okish', 'bad', 'tbh']",negative
288,update ruined everything smh ğŸ˜© ğŸ¤£,"['update', 'ruined', 'smh', 'weary_face', 'rolling_on_the_floor_laughing']",negative
289,update ruined everything smh ğŸ˜©!!!,"['update', 'ruined', 'smh', 'weary_face']",negative
290,what the hell is wrong with ur app?? ğŸ˜¤ğŸ˜¤!!!,"['hell', 'wrong', 'ur', 'app', 'face_with_steam_from_nose::face_with_steam_from_nose']",negative
291,Received item late but okay quality. ...,"['received', 'item', 'late', 'okay', 'quality']",negative
292,ugh... delivery took foreverrr ğŸ˜¤ğŸ˜¤ #review,"['ugh', 'delivery', 'took', 'foreverrr', 'face_with_steam_from_nose::face_with_steam_from_nose']",negative
293,update ruined everything smh ğŸ˜© #review,"['update', 'ruined', 'smh', 'weary_face']",negative
294,ugh... delivery took foreverrr ğŸ˜¤ğŸ˜¤ ğŸ’€,"['ugh', 'delivery', 'took', 'foreverrr', 'face_with_steam_from_nose::face_with_steam_from_nose', 'skull']",negative
295,quality was fine ig ğŸ¤·â€â™‚ï¸!!!,"['quality', 'fine', 'ig', 'man_shrugging']",negative
296,ugh... delivery took foreverrr ğŸ˜¤ğŸ˜¤ smh,"['ugh', 'delivery', 'took', 'foreverrr', 'face_with_steam_from_nose::face_with_steam_from_nose', 'smh']",negative
297,brooo this thing is AMAZINGGG ğŸ˜ğŸ”¥ ...,"['brooo', 'thing', 'amazinggg', 'smiling_face_with_heart', 'eyes::fire']",positive
298,why the payment keeps failing ğŸ˜¡ @company pls fix!! asap,"['payment', 'keeps', 'failing', 'enraged_face', ' ', 'pls', 'fix', 'asap']",negative
299,yayyyy my order arrived ğŸ¥³ğŸ¥³ğŸ¥³ #loveit,"['yayyyy', 'order', 'arrived', 'partying_face::partying_face::partying_face']",positive
300,OMG ğŸ˜ğŸ˜ this app is sooo cool!!! #awesome pls fix,"['omg', 'smiling_face_with_heart', 'eyes::smiling_face_with_heart', 'eyes', 'app', 'sooo', 'cool', ' ', 'pls', 'fix']",positive
301,quality was fine ig ğŸ¤·â€â™‚ï¸ tbh,"['quality', 'fine', 'ig', 'man_shrugging', 'tbh']",negative
302,horrible! never ordering again ğŸ¤¦â€â™‚ï¸ asap,"['horrible', 'ordering', 'man_facepalming', 'asap']",negative
303,ugh... delivery took foreverrr ğŸ˜¤ğŸ˜¤ ğŸ˜‚ğŸ˜‚,"['ugh', 'delivery', 'took', 'foreverrr', 'face_with_steam_from_nose::face_with_steam_from_nose', 'face_with_tears_of_joy::face_with_tears_of_joy']",negative
304,wtf was that error msg lol ğŸ˜‚ğŸ˜‚!!!,"['wtf', 'error', 'msg', 'lol', 'face_with_tears_of_joy::face_with_tears_of_joy']",neutral
305,idk man... the site keeps lagging :( lol,"['idk', 'man', 'site', 'keeps', 'lagging', 'lol']",negative
306,Received item late but okay quality. #fail,"['received', 'item', 'late', 'okay', 'quality']",negative
307,haha got refund today finally ğŸ˜‚ğŸ˜‚ ...,"['haha', 'got', 'refund', 'today', 'finally', 'face_with_tears_of_joy::face_with_tears_of_joy']",positive
308,what the hell is wrong with ur app?? ğŸ˜¤ğŸ˜¤ #review,"['hell', 'wrong', 'ur', 'app', 'face_with_steam_from_nose::face_with_steam_from_nose']",negative
309,idk man... the site keeps lagging :( tbh,"['idk', 'man', 'site', 'keeps', 'lagging', 'tbh']",negative
310,meh... okay experience overall. lol,"['meh', 'okay', 'experience', 'overall', 'lol']",neutral
311,ugh... delivery took foreverrr ğŸ˜¤ğŸ˜¤ ğŸ’€,"['ugh', 'delivery', 'took', 'foreverrr', 'face_with_steam_from_nose::face_with_steam_from_nose', 'skull']",negative
312,order canceled without reason?? #fail,"['order', 'canceled', 'reason']",negative
313,Received item late but okay quality. #loveit,"['received', 'item', 'late', 'okay', 'quality']",negative
314,what the hell is wrong with ur app?? ğŸ˜¤ğŸ˜¤ pls fix,"['hell', 'wrong', 'ur', 'app', 'face_with_steam_from_nose::face_with_steam_from_nose', 'pls', 'fix']",negative
315,idk man... the site keeps lagging :( frfr,"['idk', 'man', 'site', 'keeps', 'lagging', 'frfr']",negative
316,no issues so far. nice job. tbh,"['issues', 'far', 'nice', 'job', 'tbh']",negative
317,order canceled without reason?? tbh,"['order', 'canceled', 'reason', 'tbh']",negative
318,haha they actually fixed it fast ğŸ‘ğŸ‘ ğŸ¤£,"['haha', 'actually', 'fixed', 'fast', 'clapping_hands::clapping_hands', 'rolling_on_the_floor_laughing']",positive
319,yayyyy my order arrived ğŸ¥³ğŸ¥³ğŸ¥³ ğŸ˜‚ğŸ˜‚,"['yayyyy', 'order', 'arrived', 'partying_face::partying_face::partying_face', 'face_with_tears_of_joy::face_with_tears_of_joy']",positive
320,Received item late but okay quality. #review,"['received', 'item', 'late', 'okay', 'quality']",negative
321,OMG ğŸ˜ğŸ˜ this app is sooo cool!!! #awesome #loveit,"['omg', 'smiling_face_with_heart', 'eyes::smiling_face_with_heart', 'eyes', 'app', 'sooo', 'cool']",positive
322,yayyyy my order arrived ğŸ¥³ğŸ¥³ğŸ¥³ omg,"['yayyyy', 'order', 'arrived', 'partying_face::partying_face::partying_face', 'omg']",positive
323,customer srvc was great ğŸ‘ğŸ‘ asap,"['customer', 'srvc', 'great', 'thumbs_up::thumbs_up', 'asap']",positive
324,idk man... the site keeps lagging :( pls fix,"['idk', 'man', 'site', 'keeps', 'lagging', 'pls', 'fix']",negative
325,update ruined everything smh ğŸ˜© omg,"['update', 'ruined', 'smh', 'weary_face', 'omg']",negative
326,wtf was that error msg lol ğŸ˜‚ğŸ˜‚ ğŸ¤£,"['wtf', 'error', 'msg', 'lol', 'face_with_tears_of_joy::face_with_tears_of_joy', 'rolling_on_the_floor_laughing']",neutral
327,LOVED the new update!!! ğŸ’¯ğŸ’¯ğŸ”¥ lol,"['loved', 'new', 'update', 'hundred_points::hundred_points::fire', 'lol']",positive
328,yayyyy my order arrived ğŸ¥³ğŸ¥³ğŸ¥³,"['yayyyy', 'order', 'arrived', 'partying_face::partying_face::partying_face']",positive
329,brooo this thing is AMAZINGGG ğŸ˜ğŸ”¥ pls fix,"['brooo', 'thing', 'amazinggg', 'smiling_face_with_heart', 'eyes::fire', 'pls', 'fix']",positive
330,why the payment keeps failing ğŸ˜¡ @company pls fix!! #loveit,"['payment', 'keeps', 'failing', 'enraged_face', ' ', 'pls', 'fix']",negative
331,horrible! never ordering again ğŸ¤¦â€â™‚ï¸ #loveit,"['horrible', 'ordering', 'man_facepalming']",negative
332,Product okish... not bad tbh. tbh,"['product', 'okish', 'bad', 'tbh', 'tbh']",negative
333,haha got refund today finally ğŸ˜‚ğŸ˜‚ #review,"['haha', 'got', 'refund', 'today', 'finally', 'face_with_tears_of_joy::face_with_tears_of_joy']",positive
334,yayyyy my order arrived ğŸ¥³ğŸ¥³ğŸ¥³ ğŸ’€,"['yayyyy', 'order', 'arrived', 'partying_face::partying_face::partying_face', 'skull']",positive
335,wtf was that error msg lol ğŸ˜‚ğŸ˜‚,"['wtf', 'error', 'msg', 'lol', 'face_with_tears_of_joy::face_with_tears_of_joy']",neutral
336,OMG ğŸ˜ğŸ˜ this app is sooo cool!!! #awesome,"['omg', 'smiling_face_with_heart', 'eyes::smiling_face_with_heart', 'eyes', 'app', 'sooo', 'cool']",positive
337,LOVED the new update!!! ğŸ’¯ğŸ’¯ğŸ”¥ @brand,"['loved', 'new', 'update', 'hundred_points::hundred_points::fire']",positive
338,horrible! never ordering again ğŸ¤¦â€â™‚ï¸ smh,"['horrible', 'ordering', 'man_facepalming', 'smh']",negative
339,brooo this thing is AMAZINGGG ğŸ˜ğŸ”¥ haha,"['brooo', 'thing', 'amazinggg', 'smiling_face_with_heart', 'eyes::fire', 'haha']",positive
340,wtf was that error msg lol ğŸ˜‚ğŸ˜‚ tbh,"['wtf', 'error', 'msg', 'lol', 'face_with_tears_of_joy::face_with_tears_of_joy', 'tbh']",negative
341,wtf was that error msg lol ğŸ˜‚ğŸ˜‚ #loveit,"['wtf', 'error', 'msg', 'lol', 'face_with_tears_of_joy::face_with_tears_of_joy']",neutral
342,order canceled without reason?? asap,"['order', 'canceled', 'reason', 'asap']",negative
343,Product okish... not bad tbh. omg,"['product', 'okish', 'bad', 'tbh', 'omg']",negative
344,no issues so far. nice job. tbh,"['issues', 'far', 'nice', 'job', 'tbh']",negative
345,update ruined everything smh ğŸ˜© #loveit,"['update', 'ruined', 'smh', 'weary_face']",negative
346,LOVED the new update!!! ğŸ’¯ğŸ’¯ğŸ”¥ omg,"['loved', 'new', 'update', 'hundred_points::hundred_points::fire', 'omg']",positive
347,OMG ğŸ˜ğŸ˜ this app is sooo cool!!! #awesome tbh,"['omg', 'smiling_face_with_heart', 'eyes::smiling_face_with_heart', 'eyes', 'app', 'sooo', 'cool', ' ', 'tbh']",positive
348,OMG ğŸ˜ğŸ˜ this app is sooo cool!!! #awesome #review,"['omg', 'smiling_face_with_heart', 'eyes::smiling_face_with_heart', 'eyes', 'app', 'sooo', 'cool']",positive
349,no issues so far. nice job.,"['issues', 'far', 'nice', 'job']",neutral
350,idk man... the site keeps lagging :(!!!,"['idk', 'man', 'site', 'keeps', 'lagging']",negative
351,customer srvc was great ğŸ‘ğŸ‘ @brand,"['customer', 'srvc', 'great', 'thumbs_up::thumbs_up']",positive
352,LOVED the new update!!! ğŸ’¯ğŸ’¯ğŸ”¥ tbh,"['loved', 'new', 'update', 'hundred_points::hundred_points::fire', 'tbh']",neutral
353,OMG ğŸ˜ğŸ˜ this app is sooo cool!!! #awesome #review,"['omg', 'smiling_face_with_heart', 'eyes::smiling_face_with_heart', 'eyes', 'app', 'sooo', 'cool']",positive
354,what the hell is wrong with ur app?? ğŸ˜¤ğŸ˜¤,"['hell', 'wrong', 'ur', 'app', 'face_with_steam_from_nose::face_with_steam_from_nose']",negative
355,meh... okay experience overall. ğŸ¤£,"['meh', 'okay', 'experience', 'overall', 'rolling_on_the_floor_laughing']",negative
356,Product okish... not bad tbh. haha,"['product', 'okish', 'bad', 'tbh', 'haha']",negative
357,customer srvc was great ğŸ‘ğŸ‘!!!,"['customer', 'srvc', 'great', 'thumbs_up::thumbs_up']",positive
358,horrible! never ordering again ğŸ¤¦â€â™‚ï¸ lol,"['horrible', 'ordering', 'man_facepalming', 'lol']",negative
359,update ruined everything smh ğŸ˜© ğŸ’€,"['update', 'ruined', 'smh', 'weary_face', 'skull']",negative
360,brooo this thing is AMAZINGGG ğŸ˜ğŸ”¥ lol,"['brooo', 'thing', 'amazinggg', 'smiling_face_with_heart', 'eyes::fire', 'lol']",positive
361,wtf was that error msg lol ğŸ˜‚ğŸ˜‚ ğŸ’€,"['wtf', 'error', 'msg', 'lol', 'face_with_tears_of_joy::face_with_tears_of_joy', 'skull']",negative
362,why the payment keeps failing ğŸ˜¡ @company pls fix!! pls fix,"['payment', 'keeps', 'failing', 'enraged_face', ' ', 'pls', 'fix', 'pls', 'fix']",negative
363,customer srvc was great ğŸ‘ğŸ‘ #loveit,"['customer', 'srvc', 'great', 'thumbs_up::thumbs_up']",positive
364,LOVED the new update!!! ğŸ’¯ğŸ’¯ğŸ”¥ #fail,"['loved', 'new', 'update', 'hundred_points::hundred_points::fire']",positive
365,meh... okay experience overall. ğŸ˜‚ğŸ˜‚,"['meh', 'okay', 'experience', 'overall', 'face_with_tears_of_joy::face_with_tears_of_joy']",neutral
366,haha they actually fixed it fast ğŸ‘ğŸ‘ ğŸ˜‚ğŸ˜‚,"['haha', 'actually', 'fixed', 'fast', 'clapping_hands::clapping_hands', 'face_with_tears_of_joy::face_with_tears_of_joy']",positive
367,brooo this thing is AMAZINGGG ğŸ˜ğŸ”¥ omg,"['brooo', 'thing', 'amazinggg', 'smiling_face_with_heart', 'eyes::fire', 'omg']",positive
368,what the hell is wrong with ur app?? ğŸ˜¤ğŸ˜¤ asap,"['hell', 'wrong', 'ur', 'app', 'face_with_steam_from_nose::face_with_steam_from_nose', 'asap']",negative
369,update ruined everything smh ğŸ˜©,"['update', 'ruined', 'smh', 'weary_face']",negative
370,customer srvc was great ğŸ‘ğŸ‘ ...,"['customer', 'srvc', 'great', 'thumbs_up::thumbs_up']",positive
371,order canceled without reason?? ğŸ’€,"['order', 'canceled', 'reason', 'skull']",negative
372,what the hell is wrong with ur app?? ğŸ˜¤ğŸ˜¤ @brand,"['hell', 'wrong', 'ur', 'app', 'face_with_steam_from_nose::face_with_steam_from_nose']",negative
373,wtf was that error msg lol ğŸ˜‚ğŸ˜‚ @brand,"['wtf', 'error', 'msg', 'lol', 'face_with_tears_of_joy::face_with_tears_of_joy']",neutral
374,horrible! never ordering again ğŸ¤¦â€â™‚ï¸!!!,"['horrible', 'ordering', 'man_facepalming']",negative
375,haha got refund today finally ğŸ˜‚ğŸ˜‚ pls fix,"['haha', 'got', 'refund', 'today', 'finally', 'face_with_tears_of_joy::face_with_tears_of_joy', 'pls', 'fix']",positive
376,update ruined everything smh ğŸ˜© ğŸ˜‚ğŸ˜‚,"['update', 'ruined', 'smh', 'weary_face', 'face_with_tears_of_joy::face_with_tears_of_joy']",negative
377,yayyyy my order arrived ğŸ¥³ğŸ¥³ğŸ¥³ haha,"['yayyyy', 'order', 'arrived', 'partying_face::partying_face::partying_face', 'haha']",positive
378,haha they actually fixed it fast ğŸ‘ğŸ‘ #fail,"['haha', 'actually', 'fixed', 'fast', 'clapping_hands::clapping_hands']",positive
379,yayyyy my order arrived ğŸ¥³ğŸ¥³ğŸ¥³ ğŸ’€,"['yayyyy', 'order', 'arrived', 'partying_face::partying_face::partying_face', 'skull']",positive
380,brooo this thing is AMAZINGGG ğŸ˜ğŸ”¥ #fail,"['brooo', 'thing', 'amazinggg', 'smiling_face_with_heart', 'eyes::fire']",positive
381,horrible! never ordering again ğŸ¤¦â€â™‚ï¸ ğŸ¤£,"['horrible', 'ordering', 'man_facepalming', 'rolling_on_the_floor_laughing']",negative
382,LOVED the new update!!! ğŸ’¯ğŸ’¯ğŸ”¥ #fail,"['loved', 'new', 'update', 'hundred_points::hundred_points::fire']",positive
383,customer srvc was great ğŸ‘ğŸ‘ lol,"['customer', 'srvc', 'great', 'thumbs_up::thumbs_up', 'lol']",positive
384,order canceled without reason?? #loveit,"['order', 'canceled', 'reason']",negative
385,brooo this thing is AMAZINGGG ğŸ˜ğŸ”¥ frfr,"['brooo', 'thing', 'amazinggg', 'smiling_face_with_heart', 'eyes::fire', 'frfr']",positive
386,wtf was that error msg lol ğŸ˜‚ğŸ˜‚ #fail,"['wtf', 'error', 'msg', 'lol', 'face_with_tears_of_joy::face_with_tears_of_joy']",neutral
387,haha got refund today finally ğŸ˜‚ğŸ˜‚ tbh,"['haha', 'got', 'refund', 'today', 'finally', 'face_with_tears_of_joy::face_with_tears_of_joy', 'tbh']",positive
388,meh... okay experience overall. ğŸ¤£,"['meh', 'okay', 'experience', 'overall', 'rolling_on_the_floor_laughing']",negative
389,no issues so far. nice job. #fail,"['issues', 'far', 'nice', 'job']",neutral
390,no issues so far. nice job. pls fix,"['issues', 'far', 'nice', 'job', 'pls', 'fix']",negative
391,order canceled without reason??!!!,"['order', 'canceled', 'reason']",negative
392,ugh... delivery took foreverrr ğŸ˜¤ğŸ˜¤,"['ugh', 'delivery', 'took', 'foreverrr', 'face_with_steam_from_nose::face_with_steam_from_nose']",negative
393,order canceled without reason??!!!,"['order', 'canceled', 'reason']",negative
394,wtf was that error msg lol ğŸ˜‚ğŸ˜‚!!!,"['wtf', 'error', 'msg', 'lol', 'face_with_tears_of_joy::face_with_tears_of_joy']",neutral
395,wtf was that error msg lol ğŸ˜‚ğŸ˜‚ ğŸ˜‚ğŸ˜‚,"['wtf', 'error', 'msg', 'lol', 'face_with_tears_of_joy::face_with_tears_of_joy', 'face_with_tears_of_joy::face_with_tears_of_joy']",positive
396,what the hell is wrong with ur app?? ğŸ˜¤ğŸ˜¤ ğŸ˜‚ğŸ˜‚,"['hell', 'wrong', 'ur', 'app', 'face_with_steam_from_nose::face_with_steam_from_nose', 'face_with_tears_of_joy::face_with_tears_of_joy']",negative
397,what the hell is wrong with ur app?? ğŸ˜¤ğŸ˜¤ frfr,"['hell', 'wrong', 'ur', 'app', 'face_with_steam_from_nose::face_with_steam_from_nose', 'frfr']",negative
398,Product okish... not bad tbh. frfr,"['product', 'okish', 'bad', 'tbh', 'frfr']",negative
399,Product okish... not bad tbh. #review,"['product', 'okish', 'bad', 'tbh']",negative
400,haha they actually fixed it fast ğŸ‘ğŸ‘ asap,"['haha', 'actually', 'fixed', 'fast', 'clapping_hands::clapping_hands', 'asap']",positive
