id,text
1,ugh... delivery took foreverrr ğŸ˜¤ğŸ˜¤ frfr
2,haha they actually fixed it fast ğŸ‘ğŸ‘ frfr
3,horrible! never ordering again ğŸ¤¦â€â™‚ï¸
4,ugh... delivery took foreverrr ğŸ˜¤ğŸ˜¤ ğŸ’€
5,Product okish... not bad tbh. #fail
6,quality was fine ig ğŸ¤·â€â™‚ï¸ ...
7,idk man... the site keeps lagging :(
8,OMG ğŸ˜ğŸ˜ this app is sooo cool!!! #awesome frfr
9,why the payment keeps failing ğŸ˜¡ @company pls fix!! @brand
10,customer srvc was great ğŸ‘ğŸ‘!!!
11,order canceled without reason?? ğŸ˜‚ğŸ˜‚
12,LOVED the new update!!! ğŸ’¯ğŸ’¯ğŸ”¥ @brand
13,meh... okay experience overall. pls fix
14,haha they actually fixed it fast ğŸ‘ğŸ‘ ğŸ˜‚ğŸ˜‚
15,customer srvc was great ğŸ‘ğŸ‘ smh
16,LOVED the new update!!! ğŸ’¯ğŸ’¯ğŸ”¥ omg
17,customer srvc was great ğŸ‘ğŸ‘ lol
18,haha got refund today finally ğŸ˜‚ğŸ˜‚ ğŸ¤£
19,brooo this thing is AMAZINGGG ğŸ˜ğŸ”¥!!!
20,haha got refund today finally ğŸ˜‚ğŸ˜‚ #fail
21,why the payment keeps failing ğŸ˜¡ @company pls fix!! ğŸ˜‚ğŸ˜‚
22,Received item late but okay quality. frfr
23,wtf was that error msg lol ğŸ˜‚ğŸ˜‚ tbh
24,LOVED the new update!!! ğŸ’¯ğŸ’¯ğŸ”¥ smh
25,yayyyy my order arrived ğŸ¥³ğŸ¥³ğŸ¥³ @brand
26,what the hell is wrong with ur app?? ğŸ˜¤ğŸ˜¤!!!
27,Received item late but okay quality. lol
28,ugh... delivery took foreverrr ğŸ˜¤ğŸ˜¤ ğŸ’€
29,Received item late but okay quality. ğŸ˜‚ğŸ˜‚
30,horrible! never ordering again ğŸ¤¦â€â™‚ï¸ frfr
31,update ruined everything smh ğŸ˜© pls fix
32,meh... okay experience overall. ğŸ¤£
33,idk man... the site keeps lagging :(!!!
34,brooo this thing is AMAZINGGG ğŸ˜ğŸ”¥ frfr
35,quality was fine ig ğŸ¤·â€â™‚ï¸ @brand
36,ugh... delivery took foreverrr ğŸ˜¤ğŸ˜¤ frfr
37,quality was fine ig ğŸ¤·â€â™‚ï¸ #loveit
38,haha got refund today finally ğŸ˜‚ğŸ˜‚ #fail
39,no issues so far. nice job. @brand
40,ugh... delivery took foreverrr ğŸ˜¤ğŸ˜¤
41,yayyyy my order arrived ğŸ¥³ğŸ¥³ğŸ¥³ lol
42,no issues so far. nice job. frfr
43,what the hell is wrong with ur app?? ğŸ˜¤ğŸ˜¤ ğŸ¤£
44,ugh... delivery took foreverrr ğŸ˜¤ğŸ˜¤ frfr
45,brooo this thing is AMAZINGGG ğŸ˜ğŸ”¥ ğŸ¤£
46,LOVED the new update!!! ğŸ’¯ğŸ’¯ğŸ”¥ ğŸ˜‚ğŸ˜‚
47,haha got refund today finally ğŸ˜‚ğŸ˜‚
48,quality was fine ig ğŸ¤·â€â™‚ï¸!!!
49,what the hell is wrong with ur app?? ğŸ˜¤ğŸ˜¤ ğŸ’€
50,OMG ğŸ˜ğŸ˜ this app is sooo cool!!! #awesome #review
51,horrible! never ordering again ğŸ¤¦â€â™‚ï¸ frfr
52,brooo this thing is AMAZINGGG ğŸ˜ğŸ”¥ @brand
53,Received item late but okay quality. ğŸ’€
54,quality was fine ig ğŸ¤·â€â™‚ï¸ @brand
55,idk man... the site keeps lagging :( #loveit
56,haha they actually fixed it fast ğŸ‘ğŸ‘ @brand
57,order canceled without reason?? ...
58,no issues so far. nice job. #fail
59,LOVED the new update!!! ğŸ’¯ğŸ’¯ğŸ”¥ lol
60,haha they actually fixed it fast ğŸ‘ğŸ‘ ğŸ¤£
61,horrible! never ordering again ğŸ¤¦â€â™‚ï¸ ğŸ˜‚ğŸ˜‚
62,OMG ğŸ˜ğŸ˜ this app is sooo cool!!! #awesome ğŸ˜‚ğŸ˜‚
63,haha got refund today finally ğŸ˜‚ğŸ˜‚ ğŸ¤£
64,customer srvc was great ğŸ‘ğŸ‘ ...
65,haha got refund today finally ğŸ˜‚ğŸ˜‚ ...
66,horrible! never ordering again ğŸ¤¦â€â™‚ï¸ frfr
67,ugh... delivery took foreverrr ğŸ˜¤ğŸ˜¤ omg
68,why the payment keeps failing ğŸ˜¡ @company pls fix!! @brand
69,Product okish... not bad tbh. #loveit
70,OMG ğŸ˜ğŸ˜ this app is sooo cool!!! #awesome tbh
71,idk man... the site keeps lagging :( #loveit
72,OMG ğŸ˜ğŸ˜ this app is sooo cool!!! #awesome smh
73,brooo this thing is AMAZINGGG ğŸ˜ğŸ”¥ ğŸ˜‚ğŸ˜‚
74,quality was fine ig ğŸ¤·â€â™‚ï¸ tbh
75,meh... okay experience overall. asap
76,meh... okay experience overall. tbh
77,meh... okay experience overall. smh
78,Product okish... not bad tbh. smh
79,OMG ğŸ˜ğŸ˜ this app is sooo cool!!! #awesome tbh
80,wtf was that error msg lol ğŸ˜‚ğŸ˜‚ omg
81,Product okish... not bad tbh. ...
82,meh... okay experience overall.
83,yayyyy my order arrived ğŸ¥³ğŸ¥³ğŸ¥³ haha
84,no issues so far. nice job.!!!
85,Product okish... not bad tbh. pls fix
86,Product okish... not bad tbh. frfr
87,brooo this thing is AMAZINGGG ğŸ˜ğŸ”¥!!!
88,ugh... delivery took foreverrr ğŸ˜¤ğŸ˜¤ ğŸ’€
89,Product okish... not bad tbh. omg
90,customer srvc was great ğŸ‘ğŸ‘ @brand
91,OMG ğŸ˜ğŸ˜ this app is sooo cool!!! #awesome!!!
92,haha got refund today finally ğŸ˜‚ğŸ˜‚ #review
93,brooo this thing is AMAZINGGG ğŸ˜ğŸ”¥ ğŸ¤£
94,quality was fine ig ğŸ¤·â€â™‚ï¸ #fail
95,brooo this thing is AMAZINGGG ğŸ˜ğŸ”¥ pls fix
96,idk man... the site keeps lagging :( #loveit
97,customer srvc was great ğŸ‘ğŸ‘ #loveit
98,haha got refund today finally ğŸ˜‚ğŸ˜‚ @brand
99,update ruined everything smh ğŸ˜© #loveit
100,update ruined everything smh ğŸ˜© frfr
101,Received item late but okay quality. @brand
102,what the hell is wrong with ur app?? ğŸ˜¤ğŸ˜¤ lol
103,wtf was that error msg lol ğŸ˜‚ğŸ˜‚!!!
104,meh... okay experience overall. pls fix
105,haha they actually fixed it fast ğŸ‘ğŸ‘ pls fix
106,no issues so far. nice job. omg
107,idk man... the site keeps lagging :( lol
108,idk man... the site keeps lagging :( omg
109,quality was fine ig ğŸ¤·â€â™‚ï¸ omg
110,brooo this thing is AMAZINGGG ğŸ˜ğŸ”¥ ğŸ¤£
111,idk man... the site keeps lagging :( asap
112,haha they actually fixed it fast ğŸ‘ğŸ‘ #loveit
113,Received item late but okay quality.!!!
114,why the payment keeps failing ğŸ˜¡ @company pls fix!! ...
115,no issues so far. nice job. ğŸ¤£
116,ugh... delivery took foreverrr ğŸ˜¤ğŸ˜¤ smh
117,quality was fine ig ğŸ¤·â€â™‚ï¸ frfr
118,horrible! never ordering again ğŸ¤¦â€â™‚ï¸ ...
119,brooo this thing is AMAZINGGG ğŸ˜ğŸ”¥ @brand
120,customer srvc was great ğŸ‘ğŸ‘ tbh
121,OMG ğŸ˜ğŸ˜ this app is sooo cool!!! #awesome pls fix
122,meh... okay experience overall.
123,why the payment keeps failing ğŸ˜¡ @company pls fix!! #loveit
124,haha they actually fixed it fast ğŸ‘ğŸ‘ pls fix
125,idk man... the site keeps lagging :( smh
126,meh... okay experience overall. asap
127,update ruined everything smh ğŸ˜©!!!
128,wtf was that error msg lol ğŸ˜‚ğŸ˜‚ #loveit
129,why the payment keeps failing ğŸ˜¡ @company pls fix!! pls fix
130,why the payment keeps failing ğŸ˜¡ @company pls fix!! ğŸ˜‚ğŸ˜‚
131,update ruined everything smh ğŸ˜© ğŸ’€
132,brooo this thing is AMAZINGGG ğŸ˜ğŸ”¥ ğŸ’€
133,LOVED the new update!!! ğŸ’¯ğŸ’¯ğŸ”¥ pls fix
134,customer srvc was great ğŸ‘ğŸ‘ frfr
135,Received item late but okay quality. pls fix
136,why the payment keeps failing ğŸ˜¡ @company pls fix!! haha
137,haha got refund today finally ğŸ˜‚ğŸ˜‚ frfr
138,yayyyy my order arrived ğŸ¥³ğŸ¥³ğŸ¥³ frfr
139,horrible! never ordering again ğŸ¤¦â€â™‚ï¸ @brand
140,brooo this thing is AMAZINGGG ğŸ˜ğŸ”¥ ğŸ˜‚ğŸ˜‚
141,Product okish... not bad tbh. #loveit
142,ugh... delivery took foreverrr ğŸ˜¤ğŸ˜¤ #fail
143,haha they actually fixed it fast ğŸ‘ğŸ‘ tbh
144,idk man... the site keeps lagging :( smh
145,OMG ğŸ˜ğŸ˜ this app is sooo cool!!! #awesome #review
146,order canceled without reason?? ğŸ’€
147,brooo this thing is AMAZINGGG ğŸ˜ğŸ”¥ ...
148,no issues so far. nice job. #fail
149,LOVED the new update!!! ğŸ’¯ğŸ’¯ğŸ”¥
150,Product okish... not bad tbh. ğŸ’€
151,idk man... the site keeps lagging :( asap
152,order canceled without reason?? #fail
153,yayyyy my order arrived ğŸ¥³ğŸ¥³ğŸ¥³ ...
154,yayyyy my order arrived ğŸ¥³ğŸ¥³ğŸ¥³ asap
155,Received item late but okay quality. #review
156,meh... okay experience overall. lol
157,update ruined everything smh ğŸ˜© @brand
158,LOVED the new update!!! ğŸ’¯ğŸ’¯ğŸ”¥!!!
159,order canceled without reason?? ğŸ¤£
160,no issues so far. nice job. #loveit
161,ugh... delivery took foreverrr ğŸ˜¤ğŸ˜¤ lol
162,haha they actually fixed it fast ğŸ‘ğŸ‘ ğŸ¤£
163,why the payment keeps failing ğŸ˜¡ @company pls fix!! pls fix
164,ugh... delivery took foreverrr ğŸ˜¤ğŸ˜¤ #review
165,haha got refund today finally ğŸ˜‚ğŸ˜‚ ğŸ’€
166,quality was fine ig ğŸ¤·â€â™‚ï¸ ğŸ’€
167,haha they actually fixed it fast ğŸ‘ğŸ‘
168,Received item late but okay quality. ğŸ¤£
169,ugh... delivery took foreverrr ğŸ˜¤ğŸ˜¤ ğŸ’€
170,LOVED the new update!!! ğŸ’¯ğŸ’¯ğŸ”¥ ...
171,order canceled without reason?? ğŸ’€
172,wtf was that error msg lol ğŸ˜‚ğŸ˜‚ asap
173,why the payment keeps failing ğŸ˜¡ @company pls fix!!
174,what the hell is wrong with ur app?? ğŸ˜¤ğŸ˜¤!!!
175,ugh... delivery took foreverrr ğŸ˜¤ğŸ˜¤ omg
176,horrible! never ordering again ğŸ¤¦â€â™‚ï¸ #fail
177,Received item late but okay quality. #fail
178,yayyyy my order arrived ğŸ¥³ğŸ¥³ğŸ¥³
179,horrible! never ordering again ğŸ¤¦â€â™‚ï¸ smh
180,wtf was that error msg lol ğŸ˜‚ğŸ˜‚ ...
181,ugh... delivery took foreverrr ğŸ˜¤ğŸ˜¤ frfr
182,Received item late but okay quality. #fail
183,update ruined everything smh ğŸ˜© haha
184,OMG ğŸ˜ğŸ˜ this app is sooo cool!!! #awesome haha
185,wtf was that error msg lol ğŸ˜‚ğŸ˜‚ #fail
186,ugh... delivery took foreverrr ğŸ˜¤ğŸ˜¤ tbh
187,LOVED the new update!!! ğŸ’¯ğŸ’¯ğŸ”¥ ğŸ˜‚ğŸ˜‚
188,idk man... the site keeps lagging :( @brand
189,why the payment keeps failing ğŸ˜¡ @company pls fix!!!!!
190,horrible! never ordering again ğŸ¤¦â€â™‚ï¸ ğŸ’€
191,LOVED the new update!!! ğŸ’¯ğŸ’¯ğŸ”¥ ...
192,yayyyy my order arrived ğŸ¥³ğŸ¥³ğŸ¥³ ğŸ¤£
193,yayyyy my order arrived ğŸ¥³ğŸ¥³ğŸ¥³ asap
194,customer srvc was great ğŸ‘ğŸ‘ tbh
195,haha they actually fixed it fast ğŸ‘ğŸ‘!!!
196,OMG ğŸ˜ğŸ˜ this app is sooo cool!!! #awesome #fail
197,idk man... the site keeps lagging :( lol
198,Product okish... not bad tbh. smh
199,haha they actually fixed it fast ğŸ‘ğŸ‘ #review
200,what the hell is wrong with ur app?? ğŸ˜¤ğŸ˜¤ pls fix
201,customer srvc was great ğŸ‘ğŸ‘ frfr
202,brooo this thing is AMAZINGGG ğŸ˜ğŸ”¥ frfr
203,no issues so far. nice job. #loveit
204,ugh... delivery took foreverrr ğŸ˜¤ğŸ˜¤ asap
205,customer srvc was great ğŸ‘ğŸ‘ #loveit
206,update ruined everything smh ğŸ˜© @brand
207,LOVED the new update!!! ğŸ’¯ğŸ’¯ğŸ”¥ omg
208,horrible! never ordering again ğŸ¤¦â€â™‚ï¸ ğŸ¤£
209,wtf was that error msg lol ğŸ˜‚ğŸ˜‚
210,what the hell is wrong with ur app?? ğŸ˜¤ğŸ˜¤ #fail
211,customer srvc was great ğŸ‘ğŸ‘ lol
212,OMG ğŸ˜ğŸ˜ this app is sooo cool!!! #awesome #review
213,quality was fine ig ğŸ¤·â€â™‚ï¸ @brand
214,ugh... delivery took foreverrr ğŸ˜¤ğŸ˜¤ pls fix
215,wtf was that error msg lol ğŸ˜‚ğŸ˜‚ lol
216,no issues so far. nice job. pls fix
217,order canceled without reason?? tbh
218,haha they actually fixed it fast ğŸ‘ğŸ‘ ğŸ¤£
219,horrible! never ordering again ğŸ¤¦â€â™‚ï¸ #fail
220,OMG ğŸ˜ğŸ˜ this app is sooo cool!!! #awesome!!!
221,what the hell is wrong with ur app?? ğŸ˜¤ğŸ˜¤ ğŸ’€
222,update ruined everything smh ğŸ˜© pls fix
223,ugh... delivery took foreverrr ğŸ˜¤ğŸ˜¤ ...
224,update ruined everything smh ğŸ˜© ğŸ˜‚ğŸ˜‚
225,LOVED the new update!!! ğŸ’¯ğŸ’¯ğŸ”¥ #fail
226,ugh... delivery took foreverrr ğŸ˜¤ğŸ˜¤ lol
227,yayyyy my order arrived ğŸ¥³ğŸ¥³ğŸ¥³ haha
228,quality was fine ig ğŸ¤·â€â™‚ï¸
229,Product okish... not bad tbh. pls fix
230,order canceled without reason?? omg
231,order canceled without reason?? pls fix
232,ugh... delivery took foreverrr ğŸ˜¤ğŸ˜¤ pls fix
233,wtf was that error msg lol ğŸ˜‚ğŸ˜‚ tbh
234,horrible! never ordering again ğŸ¤¦â€â™‚ï¸ ğŸ¤£
235,idk man... the site keeps lagging :( haha
236,horrible! never ordering again ğŸ¤¦â€â™‚ï¸ haha
237,OMG ğŸ˜ğŸ˜ this app is sooo cool!!! #awesome #fail
238,what the hell is wrong with ur app?? ğŸ˜¤ğŸ˜¤ omg
239,update ruined everything smh ğŸ˜© smh
240,OMG ğŸ˜ğŸ˜ this app is sooo cool!!! #awesome ğŸ¤£
241,order canceled without reason?? smh
242,brooo this thing is AMAZINGGG ğŸ˜ğŸ”¥!!!
243,wtf was that error msg lol ğŸ˜‚ğŸ˜‚!!!
244,customer srvc was great ğŸ‘ğŸ‘ ğŸ’€
245,Received item late but okay quality. asap
246,order canceled without reason?? ğŸ’€
247,no issues so far. nice job. #fail
248,horrible! never ordering again ğŸ¤¦â€â™‚ï¸ haha
249,meh... okay experience overall.
250,LOVED the new update!!! ğŸ’¯ğŸ’¯ğŸ”¥ ...
251,idk man... the site keeps lagging :( omg
252,order canceled without reason?? lol
253,meh... okay experience overall. asap
254,what the hell is wrong with ur app?? ğŸ˜¤ğŸ˜¤ tbh
255,idk man... the site keeps lagging :( ğŸ’€
256,customer srvc was great ğŸ‘ğŸ‘!!!
257,customer srvc was great ğŸ‘ğŸ‘ ğŸ¤£
258,customer srvc was great ğŸ‘ğŸ‘ asap
259,no issues so far. nice job. asap
260,Received item late but okay quality. #fail
261,brooo this thing is AMAZINGGG ğŸ˜ğŸ”¥ frfr
262,ugh... delivery took foreverrr ğŸ˜¤ğŸ˜¤ @brand
263,OMG ğŸ˜ğŸ˜ this app is sooo cool!!! #awesome
264,what the hell is wrong with ur app?? ğŸ˜¤ğŸ˜¤ #review
265,brooo this thing is AMAZINGGG ğŸ˜ğŸ”¥ asap
266,Received item late but okay quality. #review
267,quality was fine ig ğŸ¤·â€â™‚ï¸ ğŸ¤£
268,customer srvc was great ğŸ‘ğŸ‘ #review
269,update ruined everything smh ğŸ˜© #review
270,ugh... delivery took foreverrr ğŸ˜¤ğŸ˜¤ asap
271,no issues so far. nice job. #fail
272,OMG ğŸ˜ğŸ˜ this app is sooo cool!!! #awesome asap
273,ugh... delivery took foreverrr ğŸ˜¤ğŸ˜¤ #fail
274,Product okish... not bad tbh. ğŸ’€
275,customer srvc was great ğŸ‘ğŸ‘ #fail
276,meh... okay experience overall.
277,meh... okay experience overall. pls fix
278,LOVED the new update!!! ğŸ’¯ğŸ’¯ğŸ”¥ omg
279,quality was fine ig ğŸ¤·â€â™‚ï¸ omg
280,OMG ğŸ˜ğŸ˜ this app is sooo cool!!! #awesome
281,wtf was that error msg lol ğŸ˜‚ğŸ˜‚ @brand
282,why the payment keeps failing ğŸ˜¡ @company pls fix!! ğŸ˜‚ğŸ˜‚
283,haha they actually fixed it fast ğŸ‘ğŸ‘ omg
284,horrible! never ordering again ğŸ¤¦â€â™‚ï¸ ğŸ¤£
285,no issues so far. nice job. #fail
286,Received item late but okay quality. ğŸ˜‚ğŸ˜‚
287,Product okish... not bad tbh. @brand
288,update ruined everything smh ğŸ˜© ğŸ¤£
289,update ruined everything smh ğŸ˜©!!!
290,what the hell is wrong with ur app?? ğŸ˜¤ğŸ˜¤!!!
291,Received item late but okay quality. ...
292,ugh... delivery took foreverrr ğŸ˜¤ğŸ˜¤ #review
293,update ruined everything smh ğŸ˜© #review
294,ugh... delivery took foreverrr ğŸ˜¤ğŸ˜¤ ğŸ’€
295,quality was fine ig ğŸ¤·â€â™‚ï¸!!!
296,ugh... delivery took foreverrr ğŸ˜¤ğŸ˜¤ smh
297,brooo this thing is AMAZINGGG ğŸ˜ğŸ”¥ ...
298,why the payment keeps failing ğŸ˜¡ @company pls fix!! asap
299,yayyyy my order arrived ğŸ¥³ğŸ¥³ğŸ¥³ #loveit
300,OMG ğŸ˜ğŸ˜ this app is sooo cool!!! #awesome pls fix
301,quality was fine ig ğŸ¤·â€â™‚ï¸ tbh
302,horrible! never ordering again ğŸ¤¦â€â™‚ï¸ asap
303,ugh... delivery took foreverrr ğŸ˜¤ğŸ˜¤ ğŸ˜‚ğŸ˜‚
304,wtf was that error msg lol ğŸ˜‚ğŸ˜‚!!!
305,idk man... the site keeps lagging :( lol
306,Received item late but okay quality. #fail
307,haha got refund today finally ğŸ˜‚ğŸ˜‚ ...
308,what the hell is wrong with ur app?? ğŸ˜¤ğŸ˜¤ #review
309,idk man... the site keeps lagging :( tbh
310,meh... okay experience overall. lol
311,ugh... delivery took foreverrr ğŸ˜¤ğŸ˜¤ ğŸ’€
312,order canceled without reason?? #fail
313,Received item late but okay quality. #loveit
314,what the hell is wrong with ur app?? ğŸ˜¤ğŸ˜¤ pls fix
315,idk man... the site keeps lagging :( frfr
316,no issues so far. nice job. tbh
317,order canceled without reason?? tbh
318,haha they actually fixed it fast ğŸ‘ğŸ‘ ğŸ¤£
319,yayyyy my order arrived ğŸ¥³ğŸ¥³ğŸ¥³ ğŸ˜‚ğŸ˜‚
320,Received item late but okay quality. #review
321,OMG ğŸ˜ğŸ˜ this app is sooo cool!!! #awesome #loveit
322,yayyyy my order arrived ğŸ¥³ğŸ¥³ğŸ¥³ omg
323,customer srvc was great ğŸ‘ğŸ‘ asap
324,idk man... the site keeps lagging :( pls fix
325,update ruined everything smh ğŸ˜© omg
326,wtf was that error msg lol ğŸ˜‚ğŸ˜‚ ğŸ¤£
327,LOVED the new update!!! ğŸ’¯ğŸ’¯ğŸ”¥ lol
328,yayyyy my order arrived ğŸ¥³ğŸ¥³ğŸ¥³
329,brooo this thing is AMAZINGGG ğŸ˜ğŸ”¥ pls fix
330,why the payment keeps failing ğŸ˜¡ @company pls fix!! #loveit
331,horrible! never ordering again ğŸ¤¦â€â™‚ï¸ #loveit
332,Product okish... not bad tbh. tbh
333,haha got refund today finally ğŸ˜‚ğŸ˜‚ #review
334,yayyyy my order arrived ğŸ¥³ğŸ¥³ğŸ¥³ ğŸ’€
335,wtf was that error msg lol ğŸ˜‚ğŸ˜‚
336,OMG ğŸ˜ğŸ˜ this app is sooo cool!!! #awesome
337,LOVED the new update!!! ğŸ’¯ğŸ’¯ğŸ”¥ @brand
338,horrible! never ordering again ğŸ¤¦â€â™‚ï¸ smh
339,brooo this thing is AMAZINGGG ğŸ˜ğŸ”¥ haha
340,wtf was that error msg lol ğŸ˜‚ğŸ˜‚ tbh
341,wtf was that error msg lol ğŸ˜‚ğŸ˜‚ #loveit
342,order canceled without reason?? asap
343,Product okish... not bad tbh. omg
344,no issues so far. nice job. tbh
345,update ruined everything smh ğŸ˜© #loveit
346,LOVED the new update!!! ğŸ’¯ğŸ’¯ğŸ”¥ omg
347,OMG ğŸ˜ğŸ˜ this app is sooo cool!!! #awesome tbh
348,OMG ğŸ˜ğŸ˜ this app is sooo cool!!! #awesome #review
349,no issues so far. nice job.
350,idk man... the site keeps lagging :(!!!
351,customer srvc was great ğŸ‘ğŸ‘ @brand
352,LOVED the new update!!! ğŸ’¯ğŸ’¯ğŸ”¥ tbh
353,OMG ğŸ˜ğŸ˜ this app is sooo cool!!! #awesome #review
354,what the hell is wrong with ur app?? ğŸ˜¤ğŸ˜¤
355,meh... okay experience overall. ğŸ¤£
356,Product okish... not bad tbh. haha
357,customer srvc was great ğŸ‘ğŸ‘!!!
358,horrible! never ordering again ğŸ¤¦â€â™‚ï¸ lol
359,update ruined everything smh ğŸ˜© ğŸ’€
360,brooo this thing is AMAZINGGG ğŸ˜ğŸ”¥ lol
361,wtf was that error msg lol ğŸ˜‚ğŸ˜‚ ğŸ’€
362,why the payment keeps failing ğŸ˜¡ @company pls fix!! pls fix
363,customer srvc was great ğŸ‘ğŸ‘ #loveit
364,LOVED the new update!!! ğŸ’¯ğŸ’¯ğŸ”¥ #fail
365,meh... okay experience overall. ğŸ˜‚ğŸ˜‚
366,haha they actually fixed it fast ğŸ‘ğŸ‘ ğŸ˜‚ğŸ˜‚
367,brooo this thing is AMAZINGGG ğŸ˜ğŸ”¥ omg
368,what the hell is wrong with ur app?? ğŸ˜¤ğŸ˜¤ asap
369,update ruined everything smh ğŸ˜©
370,customer srvc was great ğŸ‘ğŸ‘ ...
371,order canceled without reason?? ğŸ’€
372,what the hell is wrong with ur app?? ğŸ˜¤ğŸ˜¤ @brand
373,wtf was that error msg lol ğŸ˜‚ğŸ˜‚ @brand
374,horrible! never ordering again ğŸ¤¦â€â™‚ï¸!!!
375,haha got refund today finally ğŸ˜‚ğŸ˜‚ pls fix
376,update ruined everything smh ğŸ˜© ğŸ˜‚ğŸ˜‚
377,yayyyy my order arrived ğŸ¥³ğŸ¥³ğŸ¥³ haha
378,haha they actually fixed it fast ğŸ‘ğŸ‘ #fail
379,yayyyy my order arrived ğŸ¥³ğŸ¥³ğŸ¥³ ğŸ’€
380,brooo this thing is AMAZINGGG ğŸ˜ğŸ”¥ #fail
381,horrible! never ordering again ğŸ¤¦â€â™‚ï¸ ğŸ¤£
382,LOVED the new update!!! ğŸ’¯ğŸ’¯ğŸ”¥ #fail
383,customer srvc was great ğŸ‘ğŸ‘ lol
384,order canceled without reason?? #loveit
385,brooo this thing is AMAZINGGG ğŸ˜ğŸ”¥ frfr
386,wtf was that error msg lol ğŸ˜‚ğŸ˜‚ #fail
387,haha got refund today finally ğŸ˜‚ğŸ˜‚ tbh
388,meh... okay experience overall. ğŸ¤£
389,no issues so far. nice job. #fail
390,no issues so far. nice job. pls fix
391,order canceled without reason??!!!
392,ugh... delivery took foreverrr ğŸ˜¤ğŸ˜¤
393,order canceled without reason??!!!
394,wtf was that error msg lol ğŸ˜‚ğŸ˜‚!!!
395,wtf was that error msg lol ğŸ˜‚ğŸ˜‚ ğŸ˜‚ğŸ˜‚
396,what the hell is wrong with ur app?? ğŸ˜¤ğŸ˜¤ ğŸ˜‚ğŸ˜‚
397,what the hell is wrong with ur app?? ğŸ˜¤ğŸ˜¤ frfr
398,Product okish... not bad tbh. frfr
399,Product okish... not bad tbh. #review
400,haha they actually fixed it fast ğŸ‘ğŸ‘ asap
